{
  "content": {
    "overall_score": 39.99999999999999,
    "details": {
      "skill_match": 57.14285714285714,
      "experience_match": 40,
      "education_match": 80
    }
  },
  "expire_time": 1774535927.6514485
}